atharva,engineer,like,profession,self,sport
0.7071067811865476,0.0,0.0,0.0,0.7071067811865476,0.0
0.0,0.7071067811865476,0.0,0.7071067811865476,0.0,0.0
0.0,0.0,0.7071067811865476,0.0,0.0,0.7071067811865476
